{"cameraMode":{"drawMode":0,"name":"Shaded","section":"Shading Mode"},"sceneLighting":false,"audioPlay":false,"sceneViewState":{"showFog":true,"showMaterialUpdate":false,"showSkybox":false,"showFlares":true,"showImageEffects":true,"showParticleSystems":true},"in2DMode":false,"pivot":{"x":-0.2330913543701172,"y":2.821578025817871,"z":-0.5127962231636047},"rotation":{"x":0.21376721560955048,"y":0.17417553067207337,"z":-0.038766223937273028,"w":0.9604506492614746},"size":14.636663436889649,"orthographic":true}