{"cameraMode":{"drawMode":0,"name":"Shaded","section":"Shading Mode"},"sceneLighting":false,"audioPlay":false,"sceneViewState":{"showFog":true,"showMaterialUpdate":false,"showSkybox":false,"showFlares":true,"showImageEffects":true,"showParticleSystems":true},"in2DMode":false,"pivot":{"x":0.8733921051025391,"y":10.332889556884766,"z":-1.6107852458953858},"rotation":{"x":0.21376721560955048,"y":0.17417553067207337,"z":-0.038766223937273028,"w":0.9604506492614746},"size":56.4422492980957,"orthographic":true}