{"cameraMode":{"drawMode":0,"name":"Shaded","section":"Shading Mode"},"sceneLighting":false,"audioPlay":false,"sceneViewState":{"showFog":true,"showMaterialUpdate":false,"showSkybox":false,"showFlares":true,"showImageEffects":true,"showParticleSystems":true},"in2DMode":false,"pivot":{"x":-14.233091354370118,"y":3.1977882385253908,"z":19.487201690673829},"rotation":{"x":0.0377628318965435,"y":-0.9575770497322083,"z":0.24440611898899079,"w":0.14795386791229249},"size":15.56129264831543,"orthographic":true}