{"cameraMode":{"drawMode":0,"name":"Shaded","section":"Shading Mode"},"sceneLighting":false,"audioPlay":false,"sceneViewState":{"showFog":true,"showMaterialUpdate":false,"showSkybox":false,"showFlares":true,"showImageEffects":true,"showParticleSystems":true},"in2DMode":false,"pivot":{"x":-5.0,"y":12.80000114440918,"z":-16.900001525878908},"rotation":{"x":-0.00002850328564818483,"y":0.9998425245285034,"z":0.018601512536406518,"w":0.0017942138947546483},"size":43.718753814697269,"orthographic":true}