{"cameraMode":{"drawMode":0,"name":"Shaded","section":"Shading Mode"},"sceneLighting":false,"audioPlay":false,"sceneViewState":{"showFog":true,"showMaterialUpdate":false,"showSkybox":false,"showFlares":true,"showImageEffects":true,"showParticleSystems":true},"in2DMode":false,"pivot":{"x":-0.14102983474731446,"y":6.845246315002441,"z":-0.7899408340454102},"rotation":{"x":0.21376721560955048,"y":0.17417553067207337,"z":-0.038766223937273028,"w":0.9604506492614746},"size":36.07578659057617,"orthographic":true}