{"cameraMode":{"drawMode":0,"name":"Shaded","section":"Shading Mode"},"sceneLighting":false,"audioPlay":false,"sceneViewState":{"showFog":true,"showMaterialUpdate":false,"showSkybox":false,"showFlares":true,"showImageEffects":true,"showParticleSystems":true},"in2DMode":false,"pivot":{"x":-0.14102983474731446,"y":6.845246315002441,"z":-0.7899408340454102},"rotation":{"x":0.10105255991220474,"y":0.7451931238174439,"z":-0.11605735868215561,"w":0.6488516330718994},"size":31.421428680419923,"orthographic":true}