{"cameraMode":{"drawMode":0,"name":"Shaded","section":"Shading Mode"},"sceneLighting":false,"audioPlay":false,"sceneViewState":{"showFog":true,"showMaterialUpdate":false,"showSkybox":false,"showFlares":true,"showImageEffects":true,"showParticleSystems":true},"in2DMode":false,"pivot":{"x":0.0,"y":1.6722338199615479,"z":-0.197371244430542},"rotation":{"x":0.0054898252710700039,"y":0.990080714225769,"z":-0.1344788819551468,"w":0.040413305163383487},"size":8.28740119934082,"orthographic":true}