{"cameraMode":{"drawMode":0,"name":"Shaded","section":"Shading Mode"},"sceneLighting":false,"audioPlay":false,"sceneViewState":{"showFog":true,"showMaterialUpdate":false,"showSkybox":false,"showFlares":true,"showImageEffects":true,"showParticleSystems":true},"in2DMode":false,"pivot":{"x":0.24750471115112306,"y":8.053518295288086,"z":-0.7541413307189941},"rotation":{"x":0.21376721560955048,"y":0.17417553067207337,"z":-0.038766223937273028,"w":0.9604506492614746},"size":38.587432861328128,"orthographic":true}