{"cameraMode":{"drawMode":0,"name":"Shaded","section":"Shading Mode"},"sceneLighting":false,"audioPlay":false,"sceneViewState":{"showFog":true,"showMaterialUpdate":false,"showSkybox":false,"showFlares":true,"showImageEffects":true,"showParticleSystems":true},"in2DMode":false,"pivot":{"x":4.079999923706055,"y":12.60000228881836,"z":8.929998397827149},"rotation":{"x":0.18284672498703004,"y":-0.12497911602258682,"z":0.02342207171022892,"w":0.9749022722244263},"size":43.718753814697269,"orthographic":true}