{"cameraMode":{"drawMode":0,"name":"Shaded","section":"Shading Mode"},"sceneLighting":false,"audioPlay":false,"sceneViewState":{"showFog":true,"showMaterialUpdate":false,"showSkybox":false,"showFlares":true,"showImageEffects":true,"showParticleSystems":true},"in2DMode":false,"pivot":{"x":0.0,"y":6.800000190734863,"z":0.3735923767089844},"rotation":{"x":0.09200811386108399,"y":-0.07460887730121613,"z":0.00692466925829649,"w":0.9929454922676086},"size":173.96743774414063,"orthographic":true}