{"cameraMode":{"drawMode":0,"name":"Shaded","section":"Shading Mode"},"sceneLighting":false,"audioPlay":false,"sceneViewState":{"showFog":true,"showMaterialUpdate":false,"showSkybox":false,"showFlares":true,"showImageEffects":true,"showParticleSystems":true},"in2DMode":false,"pivot":{"x":0.0,"y":6.800000190734863,"z":0.3735923767089844},"rotation":{"x":-0.0025249384343624117,"y":0.9973586797714233,"z":-0.05841221287846565,"w":-0.043116629123687747},"size":36.1422119140625,"orthographic":true}