{"cameraMode":{"drawMode":0,"name":"Shaded","section":"Shading Mode"},"sceneLighting":false,"audioPlay":false,"sceneViewState":{"showFog":true,"showMaterialUpdate":false,"showSkybox":false,"showFlares":true,"showImageEffects":true,"showParticleSystems":true},"in2DMode":false,"pivot":{"x":0.8535687327384949,"y":0.8438498973846436,"z":-0.06692969053983689},"rotation":{"x":-0.04015506058931351,"y":0.12763835489749909,"z":-0.005186385940760374,"w":-0.991000771522522},"size":16.655689239501954,"orthographic":true}