{"cameraMode":{"drawMode":0,"name":"Shaded","section":"Shading Mode"},"sceneLighting":false,"audioPlay":false,"sceneViewState":{"showFog":true,"showMaterialUpdate":false,"showSkybox":false,"showFlares":true,"showImageEffects":true,"showParticleSystems":true},"in2DMode":false,"pivot":{"x":0.41161155700683596,"y":2.921268939971924,"z":0.7460315227508545},"rotation":{"x":0.07499039173126221,"y":0.41318750381469729,"z":-0.034165360033512118,"w":0.9069114923477173},"size":4.96198034286499,"orthographic":false}