{"cameraMode":{"drawMode":0,"name":"Shaded","section":"Shading Mode"},"sceneLighting":false,"audioPlay":false,"sceneViewState":{"showFog":true,"showMaterialUpdate":false,"showSkybox":false,"showFlares":true,"showImageEffects":true,"showParticleSystems":true},"in2DMode":false,"pivot":{"x":2.3099215030670168,"y":1.9536685943603516,"z":-0.5012011528015137},"rotation":{"x":0.00878027081489563,"y":0.6815912127494812,"z":-0.008179111406207085,"w":0.7316379547119141},"size":10.068181037902832,"orthographic":true}