{"cameraMode":{"drawMode":0,"name":"Shaded","section":"Shading Mode"},"sceneLighting":false,"audioPlay":false,"sceneViewState":{"showFog":true,"showMaterialUpdate":false,"showSkybox":false,"showFlares":true,"showImageEffects":true,"showParticleSystems":true},"in2DMode":false,"pivot":{"x":-0.2330913543701172,"y":2.661959171295166,"z":-11.972796440124512},"rotation":{"x":0.032715752720832828,"y":0.8781610131263733,"z":-0.0606890507042408,"w":0.47337302565574648},"size":14.9982328414917,"orthographic":true}