{"cameraMode":{"drawMode":0,"name":"Shaded","section":"Shading Mode"},"sceneLighting":false,"audioPlay":false,"sceneViewState":{"showFog":true,"showMaterialUpdate":false,"showSkybox":false,"showFlares":true,"showImageEffects":true,"showParticleSystems":true},"in2DMode":false,"pivot":{"x":-14.233091354370118,"y":3.1977882385253908,"z":19.487201690673829},"rotation":{"x":0.38255929946899416,"y":-0.1323476880788803,"z":0.05547246336936951,"w":0.9127199053764343},"size":15.56129264831543,"orthographic":true}